<?xml version="1.0" encoding="UTF-8"?>
<project-private xmlns="http://www.netbeans.org/ns/project-private/1">
    <data xmlns="http://www.netbeans.org/ns/make-project-private/1">
        <activeConfTypeElem>1</activeConfTypeElem>
        <activeConfIndexElem>0</activeConfIndexElem>
    </data>
    <editor-bookmarks xmlns="http://www.netbeans.org/ns/editor-bookmarks/2" lastBookmarkId="0"/>
    <open-files xmlns="http://www.netbeans.org/ns/projectui-open-files/2">
        <group>
            <file>file:/home/gabriel/Documentos/SME0224_ED2/104114592_11218480_11275359/Trabalho1/ordena_lista.h</file>
            <file>file:/home/gabriel/Documentos/SME0224_ED2/104114592_11218480_11275359/Trabalho1/main.c</file>
            <file>file:/home/gabriel/Documentos/SME0224_ED2/104114592_11218480_11275359/Trabalho1/ordena_lista.c</file>
        </group>
    </open-files>
</project-private>
